"a","b","sigma1","Scenario"
0.868750316323655,1.28214011490711,1.00844179171881,"Scenario 1 (a=0.9, b=1, sig=1)"
0.959919714217936,0.459858378028557,0.706573105069078,"Scenario 1 (a=0.9, b=1, sig=1)"
0.840779692424049,1.31323450633131,1.1715844254815,"Scenario 1 (a=0.9, b=1, sig=1)"
0.805763862725282,1.51788898722847,0.891310673168972,"Scenario 1 (a=0.9, b=1, sig=1)"
0.849920481005917,1.62937977263318,1.27283139550644,"Scenario 1 (a=0.9, b=1, sig=1)"
0.785735912437711,1.98789098072058,1.16236089207902,"Scenario 1 (a=0.9, b=1, sig=1)"
0.790909210129294,1.92035763169849,0.987270614546151,"Scenario 1 (a=0.9, b=1, sig=1)"
0.801130920313638,1.99990016085905,1.14384842398184,"Scenario 1 (a=0.9, b=1, sig=1)"
0.885461055640175,1.24824510643027,1.14859585635572,"Scenario 1 (a=0.9, b=1, sig=1)"
0.936565694957825,0.598264189294951,0.936682285243042,"Scenario 1 (a=0.9, b=1, sig=1)"
0.860630060308247,1.40949720485264,0.916732084564923,"Scenario 1 (a=0.9, b=1, sig=1)"
0.878413462208369,1.19063607806035,0.958540749772506,"Scenario 1 (a=0.9, b=1, sig=1)"
0.91513282624656,0.948962311784912,1.0740618201862,"Scenario 1 (a=0.9, b=1, sig=1)"
0.897947404038379,1.01600408406605,1.09957430174152,"Scenario 1 (a=0.9, b=1, sig=1)"
0.906428952358456,0.810230112823998,1.08166825505884,"Scenario 1 (a=0.9, b=1, sig=1)"
0.860551887693373,1.41888666972694,0.977884284818282,"Scenario 1 (a=0.9, b=1, sig=1)"
0.878365153309734,1.18799027781756,1.13834813878852,"Scenario 1 (a=0.9, b=1, sig=1)"
0.87256972815998,1.3143111986062,0.93501144530089,"Scenario 1 (a=0.9, b=1, sig=1)"
0.852896868222923,1.43302516665176,0.723699054264893,"Scenario 1 (a=0.9, b=1, sig=1)"
0.850756595294133,1.21259019826033,1.01555477389816,"Scenario 1 (a=0.9, b=1, sig=1)"
0.850994655599046,1.41300866561942,1.02723914026212,"Scenario 1 (a=0.9, b=1, sig=1)"
0.921107394022959,0.824913098057631,0.987539105794781,"Scenario 1 (a=0.9, b=1, sig=1)"
0.837714644221299,1.76292293136468,0.991793788718667,"Scenario 1 (a=0.9, b=1, sig=1)"
0.635563715331683,3.57904703468545,1.1658408140159,"Scenario 1 (a=0.9, b=1, sig=1)"
0.896108241297654,1.1149959300831,0.96498964832411,"Scenario 1 (a=0.9, b=1, sig=1)"
0.876246883836955,1.23906390663747,1.29360357670076,"Scenario 1 (a=0.9, b=1, sig=1)"
0.908416331025368,0.920070729573702,1.11575053993325,"Scenario 1 (a=0.9, b=1, sig=1)"
0.900895613957185,1.05826451052145,0.979362392621956,"Scenario 1 (a=0.9, b=1, sig=1)"
0.719061117665467,2.59953942997109,1.10059517835925,"Scenario 1 (a=0.9, b=1, sig=1)"
0.708515748899027,2.88062516646332,1.18801456712781,"Scenario 1 (a=0.9, b=1, sig=1)"
0.953856727192748,0.547982207707917,0.630015720415535,"Scenario 1 (a=0.9, b=1, sig=1)"
0.91051896590584,0.807881619690389,1.08224685810451,"Scenario 1 (a=0.9, b=1, sig=1)"
0.822412949562929,1.84383606160227,1.01531375016871,"Scenario 1 (a=0.9, b=1, sig=1)"
0.888450114762847,1.22050252537375,0.736035528863533,"Scenario 1 (a=0.9, b=1, sig=1)"
0.859530334533511,1.36269670449752,1.15297333679145,"Scenario 1 (a=0.9, b=1, sig=1)"
0.928158331933013,0.713998083407489,0.958423222527937,"Scenario 1 (a=0.9, b=1, sig=1)"
0.83630076308373,1.38018951316831,1.06461772775644,"Scenario 1 (a=0.9, b=1, sig=1)"
0.886467267951756,1.20669183644105,0.937332226286215,"Scenario 1 (a=0.9, b=1, sig=1)"
0.792547128409632,1.76432544119204,0.752130934195864,"Scenario 1 (a=0.9, b=1, sig=1)"
0.836546956232877,1.36788918812908,1.07874641606103,"Scenario 1 (a=0.9, b=1, sig=1)"
0.882981802895078,1.37435668676209,0.985845837625537,"Scenario 1 (a=0.9, b=1, sig=1)"
0.875663665670066,1.24461559577337,0.959314441772221,"Scenario 1 (a=0.9, b=1, sig=1)"
0.863179290551986,1.49648938446874,1.29406085299431,"Scenario 1 (a=0.9, b=1, sig=1)"
0.825328719464832,1.75101308642066,1.27683335811526,"Scenario 1 (a=0.9, b=1, sig=1)"
0.897572047192445,1.04071133027341,1.13374824843515,"Scenario 1 (a=0.9, b=1, sig=1)"
0.872560792395652,1.32120683070936,1.13369107845231,"Scenario 1 (a=0.9, b=1, sig=1)"
0.875590811851297,1.43430514105814,0.900357937475828,"Scenario 1 (a=0.9, b=1, sig=1)"
0.910545492439195,0.807180497355871,1.03128001946887,"Scenario 1 (a=0.9, b=1, sig=1)"
0.921734880767381,0.741970720696197,0.801910516606508,"Scenario 1 (a=0.9, b=1, sig=1)"
0.880018068975523,1.25411280899451,1.36130130597437,"Scenario 1 (a=0.9, b=1, sig=1)"
0.832878295795742,1.50467999529581,1.17581990425413,"Scenario 1 (a=0.9, b=1, sig=1)"
0.869065975073311,1.34005342121158,1.06711387254315,"Scenario 1 (a=0.9, b=1, sig=1)"
0.851854287494248,1.34316487088563,1.04337561873322,"Scenario 1 (a=0.9, b=1, sig=1)"
0.883895329662363,1.04564286608781,0.705886979139334,"Scenario 1 (a=0.9, b=1, sig=1)"
0.931730440487502,0.767976689279316,0.686125275675195,"Scenario 1 (a=0.9, b=1, sig=1)"
0.900881227871047,0.947253787967289,0.973292024766653,"Scenario 1 (a=0.9, b=1, sig=1)"
0.937963193582061,0.685213713365993,1.04536321130166,"Scenario 1 (a=0.9, b=1, sig=1)"
0.812681380810745,1.79685562549972,1.25026664712244,"Scenario 1 (a=0.9, b=1, sig=1)"
0.912735951023443,0.756481096000071,0.850836020787369,"Scenario 1 (a=0.9, b=1, sig=1)"
0.817179955739553,1.8913427271293,1.19996942819229,"Scenario 1 (a=0.9, b=1, sig=1)"
0.76446545759934,2.01665823000056,1.02734086763665,"Scenario 1 (a=0.9, b=1, sig=1)"
0.958126648114689,0.475963276566862,0.00956254397221486,"Scenario 1 (a=0.9, b=1, sig=1)"
0.787273137150246,2.29265532913368,1.08333502408466,"Scenario 1 (a=0.9, b=1, sig=1)"
0.914606568217197,0.759640706920596,1.09597158810075,"Scenario 1 (a=0.9, b=1, sig=1)"
0.847450736329805,1.80920774291083,1.1050169584621,"Scenario 1 (a=0.9, b=1, sig=1)"
0.784367350271266,1.81660150912615,0.948040751467434,"Scenario 1 (a=0.9, b=1, sig=1)"
0.752673168038433,2.41972251023955,1.03874379435522,"Scenario 1 (a=0.9, b=1, sig=1)"
0.79033351468242,1.92568528735925,0.970587463390179,"Scenario 1 (a=0.9, b=1, sig=1)"
0.639110864824102,3.74766960253581,0.949767824638805,"Scenario 1 (a=0.9, b=1, sig=1)"
0.858751915987151,1.29639684767473,1.11127350307682,"Scenario 1 (a=0.9, b=1, sig=1)"
0.86583407683429,1.14680578932154,0.953691938187209,"Scenario 1 (a=0.9, b=1, sig=1)"
0.89689825613121,1.02178214137651,1.1251890715769,"Scenario 1 (a=0.9, b=1, sig=1)"
0.821836883318348,1.66775340298242,0.944794747916838,"Scenario 1 (a=0.9, b=1, sig=1)"
0.903512492963648,0.919502233871765,0.905035038585938,"Scenario 1 (a=0.9, b=1, sig=1)"
0.905781918724076,1.13169042105491,1.03683518794729,"Scenario 1 (a=0.9, b=1, sig=1)"
0.813971721055543,1.79245919519821,1.24663978952738,"Scenario 1 (a=0.9, b=1, sig=1)"
0.830879429079033,1.93088789909411,1.15450654644125,"Scenario 1 (a=0.9, b=1, sig=1)"
0.880427135546183,1.16062317866752,0.900575398014891,"Scenario 1 (a=0.9, b=1, sig=1)"
0.898748041723575,1.15642114647703,1.00877619935462,"Scenario 1 (a=0.9, b=1, sig=1)"
0.924379880419463,0.66528889670584,1.1172634801695,"Scenario 1 (a=0.9, b=1, sig=1)"
0.957346076849774,0.524331338622272,0.79782927680982,"Scenario 1 (a=0.9, b=1, sig=1)"
0.666249136166903,2.82788742948314,1.10065350780142,"Scenario 1 (a=0.9, b=1, sig=1)"
0.874817344578248,1.12699056298731,0.885106724117276,"Scenario 1 (a=0.9, b=1, sig=1)"
0.856482400835607,1.56253122028773,0.999615904077274,"Scenario 1 (a=0.9, b=1, sig=1)"
0.914066081070918,0.998681048801177,1.19606061130336,"Scenario 1 (a=0.9, b=1, sig=1)"
0.900419697866262,1.18149414273754,0.862432108522867,"Scenario 1 (a=0.9, b=1, sig=1)"
0.882727117961822,1.12279378717485,1.06021899103557,"Scenario 1 (a=0.9, b=1, sig=1)"
0.87374179392716,1.0715366091564,0.760811683458292,"Scenario 1 (a=0.9, b=1, sig=1)"
0.934223561563109,0.6024802410157,0.988398091055561,"Scenario 1 (a=0.9, b=1, sig=1)"
0.816961151688816,1.58574313866863,1.24328889410081,"Scenario 1 (a=0.9, b=1, sig=1)"
0.9316083759764,0.589818990958005,0.815378674411624,"Scenario 1 (a=0.9, b=1, sig=1)"
0.924296455287563,0.821252745483677,1.27300004709544,"Scenario 1 (a=0.9, b=1, sig=1)"
0.835325322535089,1.4200052527588,0.885822517893824,"Scenario 1 (a=0.9, b=1, sig=1)"
0.900121332247257,1.02934184439117,1.13206151018521,"Scenario 1 (a=0.9, b=1, sig=1)"
0.765616555729202,2.4154216560099,0.896284418546238,"Scenario 1 (a=0.9, b=1, sig=1)"
0.946403910900957,0.686723252907632,0.763911384432889,"Scenario 1 (a=0.9, b=1, sig=1)"
0.806045147810672,1.80375771500086,0.822869161133907,"Scenario 1 (a=0.9, b=1, sig=1)"
0.946680903173922,0.491455023611583,1.01424091763235,"Scenario 1 (a=0.9, b=1, sig=1)"
0.771586422103112,2.3199908678888,1.04447593533899,"Scenario 1 (a=0.9, b=1, sig=1)"
0.918281268969843,0.949333914071585,1.01896183219996,"Scenario 1 (a=0.9, b=1, sig=1)"
0.926598044800294,3.72203216332187,1.04112650978771,"Scenario 2 (a=0.9, b=5, sig=1)"
0.900817956532222,5.05622259975026,0.855219934089374,"Scenario 2 (a=0.9, b=5, sig=1)"
0.903960856131015,4.88529981040077,0.929303298732392,"Scenario 2 (a=0.9, b=5, sig=1)"
0.887293382554335,5.67167019764345,1.32152222030683,"Scenario 2 (a=0.9, b=5, sig=1)"
0.911313237408423,4.25644966488057,0.979552402847864,"Scenario 2 (a=0.9, b=5, sig=1)"
0.894111384236201,5.24745328393345,0.968637405042505,"Scenario 2 (a=0.9, b=5, sig=1)"
0.899094960482555,5.11162792319783,1.03462978644296,"Scenario 2 (a=0.9, b=5, sig=1)"
0.872143317328786,6.4359813095464,1.09982215085457,"Scenario 2 (a=0.9, b=5, sig=1)"
0.906711173741881,4.55265709278826,0.981056501532724,"Scenario 2 (a=0.9, b=5, sig=1)"
0.88709208334152,5.7235674559436,0.881134159880371,"Scenario 2 (a=0.9, b=5, sig=1)"
0.906684930973517,4.66434567002848,1.04563092554569,"Scenario 2 (a=0.9, b=5, sig=1)"
0.886314548940199,5.67792411602075,1.03789270010548,"Scenario 2 (a=0.9, b=5, sig=1)"
0.902538794127502,5.00617098281986,0.799801450343037,"Scenario 2 (a=0.9, b=5, sig=1)"
0.873639607819386,5.92365652139161,0.848959534049431,"Scenario 2 (a=0.9, b=5, sig=1)"
0.867369554044924,6.52117713975997,0.772784178480014,"Scenario 2 (a=0.9, b=5, sig=1)"
0.901155955117162,4.8967384064745,0.978285172255746,"Scenario 2 (a=0.9, b=5, sig=1)"
0.893754471557577,5.19896038862233,0.82566482963184,"Scenario 2 (a=0.9, b=5, sig=1)"
0.888945914917386,5.55661604299474,1.06836355221339,"Scenario 2 (a=0.9, b=5, sig=1)"
0.916820934276047,4.25649998442846,1.00566815806048,"Scenario 2 (a=0.9, b=5, sig=1)"
0.885861358996776,5.59176697354072,0.910539626173433,"Scenario 2 (a=0.9, b=5, sig=1)"
0.91028495971835,4.71589616243605,0.724948820447876,"Scenario 2 (a=0.9, b=5, sig=1)"
0.901200841539946,4.94122662429521,1.02724454903297,"Scenario 2 (a=0.9, b=5, sig=1)"
0.881731731137651,5.79759170541018,0.9256302436957,"Scenario 2 (a=0.9, b=5, sig=1)"
0.907185011576399,4.96185049108289,1.10286143324113,"Scenario 2 (a=0.9, b=5, sig=1)"
0.917180395351366,4.20260307931136,1.12439015922315,"Scenario 2 (a=0.9, b=5, sig=1)"
0.886855746509126,5.59574886302393,0.922805724076541,"Scenario 2 (a=0.9, b=5, sig=1)"
0.886386830503786,5.63009020682678,1.01299318315206,"Scenario 2 (a=0.9, b=5, sig=1)"
0.895771215524865,5.30331138207009,1.0602578509447,"Scenario 2 (a=0.9, b=5, sig=1)"
0.883323626827716,5.73092550802041,0.9619178901662,"Scenario 2 (a=0.9, b=5, sig=1)"
0.918076407936675,4.15080068915808,0.903239714492032,"Scenario 2 (a=0.9, b=5, sig=1)"
0.874817825184816,6.21819865792072,0.865063960188259,"Scenario 2 (a=0.9, b=5, sig=1)"
0.884309160680513,5.6688368751872,0.9209392645768,"Scenario 2 (a=0.9, b=5, sig=1)"
0.896811934272646,4.98657206623191,1.25966910063741,"Scenario 2 (a=0.9, b=5, sig=1)"
0.913582784501681,4.48498227410552,1.07025962873148,"Scenario 2 (a=0.9, b=5, sig=1)"
0.91674331686914,4.17495867454873,1.15181899084198,"Scenario 2 (a=0.9, b=5, sig=1)"
0.889219273428813,5.37830248124424,1.21393323971689,"Scenario 2 (a=0.9, b=5, sig=1)"
0.898627318339349,5.20954441167013,1.22174347619633,"Scenario 2 (a=0.9, b=5, sig=1)"
0.880892007403252,5.99821523770608,0.971191879172955,"Scenario 2 (a=0.9, b=5, sig=1)"
0.901746012507456,5.03189996570804,1.22515208233225,"Scenario 2 (a=0.9, b=5, sig=1)"
0.906646532334897,4.60950474595381,0.997384710273024,"Scenario 2 (a=0.9, b=5, sig=1)"
0.91473592983488,4.40928411608757,0.945265135460035,"Scenario 2 (a=0.9, b=5, sig=1)"
0.902635677776135,4.85381751118433,1.03758868199951,"Scenario 2 (a=0.9, b=5, sig=1)"
0.894044530019764,5.13633651063986,1.1596370831433,"Scenario 2 (a=0.9, b=5, sig=1)"
0.891554571969036,5.33336570819211,1.01937294841567,"Scenario 2 (a=0.9, b=5, sig=1)"
0.895493162490522,5.15289166163732,1.16130336458353,"Scenario 2 (a=0.9, b=5, sig=1)"
0.895203987805958,5.23394055424697,0.972745412033659,"Scenario 2 (a=0.9, b=5, sig=1)"
0.894914982080366,5.17968134363513,0.645619666737468,"Scenario 2 (a=0.9, b=5, sig=1)"
0.903575131094042,4.89634980722959,0.750129022914326,"Scenario 2 (a=0.9, b=5, sig=1)"
0.885611853389392,5.8569469979771,0.961251851079906,"Scenario 2 (a=0.9, b=5, sig=1)"
0.889137077092356,5.55243935600565,0.994341531837186,"Scenario 2 (a=0.9, b=5, sig=1)"
0.87652232760851,6.38041505673582,1.33305079907931,"Scenario 2 (a=0.9, b=5, sig=1)"
0.900646928092368,5.02893402067722,0.971922603464234,"Scenario 2 (a=0.9, b=5, sig=1)"
0.911864549382246,4.44137095753171,0.819964897988433,"Scenario 2 (a=0.9, b=5, sig=1)"
0.89328890756196,5.27063308508105,1.15342111649986,"Scenario 2 (a=0.9, b=5, sig=1)"
0.896171437214526,5.20027087502215,0.88026667214927,"Scenario 2 (a=0.9, b=5, sig=1)"
0.909275305312221,4.57069408265559,1.16761626491767,"Scenario 2 (a=0.9, b=5, sig=1)"
0.876123031692024,6.15888288786675,0.984463684075357,"Scenario 2 (a=0.9, b=5, sig=1)"
0.898814829971427,5.14707913590247,1.0956764189515,"Scenario 2 (a=0.9, b=5, sig=1)"
0.883332076244576,5.87479245803273,1.02198640050164,"Scenario 2 (a=0.9, b=5, sig=1)"
0.901779685412397,4.74524256786634,0.723911626682904,"Scenario 2 (a=0.9, b=5, sig=1)"
0.910390908548166,4.59436660562733,0.670467497724088,"Scenario 2 (a=0.9, b=5, sig=1)"
0.904318602390807,4.82272311936017,0.949043551619189,"Scenario 2 (a=0.9, b=5, sig=1)"
0.88969438125283,5.34370590098017,1.22026328476389,"Scenario 2 (a=0.9, b=5, sig=1)"
0.90622202799813,4.87876767223678,0.929214063553767,"Scenario 2 (a=0.9, b=5, sig=1)"
0.902085384570521,4.70977373653316,1.14777679769428,"Scenario 2 (a=0.9, b=5, sig=1)"
0.902203549414967,4.72743714621212,0.891529044565037,"Scenario 2 (a=0.9, b=5, sig=1)"
0.894554607162535,5.14131434939024,0.839466013402736,"Scenario 2 (a=0.9, b=5, sig=1)"
0.908859127255026,4.52714166976669,0.78206284224761,"Scenario 2 (a=0.9, b=5, sig=1)"
0.891046034064571,5.26457423386463,0.941669228484839,"Scenario 2 (a=0.9, b=5, sig=1)"
0.905296280856589,4.77867765342182,1.05517402389771,"Scenario 2 (a=0.9, b=5, sig=1)"
0.86710040990712,6.26688371089261,0.969664348220977,"Scenario 2 (a=0.9, b=5, sig=1)"
0.901991311665271,4.89330293140388,1.10249724043474,"Scenario 2 (a=0.9, b=5, sig=1)"
0.893503487925757,5.37111709015221,1.00473653267592,"Scenario 2 (a=0.9, b=5, sig=1)"
0.912706508631785,4.44394296091452,0.911532823400642,"Scenario 2 (a=0.9, b=5, sig=1)"
0.921021117525902,3.91982798143272,1.04964768684166,"Scenario 2 (a=0.9, b=5, sig=1)"
0.872221119397784,6.4437286528485,1.00286799566704,"Scenario 2 (a=0.9, b=5, sig=1)"
0.892134780652169,5.43210542344572,1.03106453473995,"Scenario 2 (a=0.9, b=5, sig=1)"
0.869786977416945,6.42160180294869,0.00212363159506263,"Scenario 2 (a=0.9, b=5, sig=1)"
0.893153882417364,5.25457351052335,0.914349673959674,"Scenario 2 (a=0.9, b=5, sig=1)"
0.911590504464764,4.37519683080931,0.845494140212027,"Scenario 2 (a=0.9, b=5, sig=1)"
0.889507381549605,5.52255859140971,1.09568288146127,"Scenario 2 (a=0.9, b=5, sig=1)"
0.896061484912511,5.13576617246908,0.726803570681175,"Scenario 2 (a=0.9, b=5, sig=1)"
0.900829705742119,5.03048459947887,0.864769035635465,"Scenario 2 (a=0.9, b=5, sig=1)"
0.901114101501463,5.1439537086516,1.05471851922186,"Scenario 2 (a=0.9, b=5, sig=1)"
0.885637654583971,5.78686632859923,1.07705746220204,"Scenario 2 (a=0.9, b=5, sig=1)"
0.899027458700734,5.00985682989446,0.867868981740332,"Scenario 2 (a=0.9, b=5, sig=1)"
0.911398739494649,4.4945754002706,0.892158545540302,"Scenario 2 (a=0.9, b=5, sig=1)"
0.916945862556738,4.20168450733135,0.897630255244626,"Scenario 2 (a=0.9, b=5, sig=1)"
0.891160268412141,5.37749550192189,1.11862903672452,"Scenario 2 (a=0.9, b=5, sig=1)"
0.887098682411003,5.5847654173513,1.14454655957198,"Scenario 2 (a=0.9, b=5, sig=1)"
0.910376708293205,4.57789686408251,0.950632580397792,"Scenario 2 (a=0.9, b=5, sig=1)"
0.885102456482018,5.70449384253483,1.12821961180213,"Scenario 2 (a=0.9, b=5, sig=1)"
0.877371345013652,5.98676448508281,1.04900438560048,"Scenario 2 (a=0.9, b=5, sig=1)"
0.893160994567162,5.28852757919722,1.23978009225272,"Scenario 2 (a=0.9, b=5, sig=1)"
0.892351010244815,5.4309188682516,0.829109280272285,"Scenario 2 (a=0.9, b=5, sig=1)"
0.918140749692558,4.16897965511961,0.869856162361686,"Scenario 2 (a=0.9, b=5, sig=1)"
0.868386924841916,6.46402997855585,1.17667552219441,"Scenario 2 (a=0.9, b=5, sig=1)"
0.88785945167731,5.53776511711609,0.836140033401439,"Scenario 2 (a=0.9, b=5, sig=1)"
0.912184507968334,4.35644123999272,0.791841898420628,"Scenario 2 (a=0.9, b=5, sig=1)"
0.90316718129277,4.95149846374822,0.816338797220233,"Scenario 2 (a=0.9, b=5, sig=1)"
0.884381979744206,1.81898266553859,4.84290155415375,"Scenario 3 (a=0.9, b=1, sig=5)"
0.881674728009491,1.35976971168689,4.90521098500737,"Scenario 3 (a=0.9, b=1, sig=5)"
0.79967505865798,2.39913556827025,4.95847095048135,"Scenario 3 (a=0.9, b=1, sig=5)"
0.882731404420301,0.964500098636925,4.45301474102457,"Scenario 3 (a=0.9, b=1, sig=5)"
0.814224290029603,2.67396703894676,4.81943783742805,"Scenario 3 (a=0.9, b=1, sig=5)"
0.897025330385407,0.000404501755684543,4.64416683027508,"Scenario 3 (a=0.9, b=1, sig=5)"
0.908959961677706,0.927285759106217,5.01635562620794,"Scenario 3 (a=0.9, b=1, sig=5)"
0.933284315127564,0.374699036609735,4.60811563971524,"Scenario 3 (a=0.9, b=1, sig=5)"
0.842806742737522,1.15437760672495,4.89060945729707,"Scenario 3 (a=0.9, b=1, sig=5)"
0.799071194652661,0.68779529408356,4.7585826574026,"Scenario 3 (a=0.9, b=1, sig=5)"
0.879412708922601,0.699232944096009,5.08026836942236,"Scenario 3 (a=0.9, b=1, sig=5)"
0.79622084171844,1.69224296840003,5.65755705594091,"Scenario 3 (a=0.9, b=1, sig=5)"
0.86203484555866,0.898311475225907,4.93793027885581,"Scenario 3 (a=0.9, b=1, sig=5)"
0.878288616188858,1.04665987763537,5.40699909357188,"Scenario 3 (a=0.9, b=1, sig=5)"
0.824930196476177,1.81357391401578,4.61973347583904,"Scenario 3 (a=0.9, b=1, sig=5)"
0.950823140745454,0.469348916311728,4.79971046198929,"Scenario 3 (a=0.9, b=1, sig=5)"
0.783413895617326,1.88071323048891,5.3069116242983,"Scenario 3 (a=0.9, b=1, sig=5)"
0.805115603391951,2.47163895461967,5.14131544622839,"Scenario 3 (a=0.9, b=1, sig=5)"
0.832481574330087,3.36851570374932,4.28435091107141,"Scenario 3 (a=0.9, b=1, sig=5)"
0.773247449257547,2.03841688005225,4.59230522634671,"Scenario 3 (a=0.9, b=1, sig=5)"
0.685906368831768,2.01272846378809,4.43098975521242,"Scenario 3 (a=0.9, b=1, sig=5)"
0.87412172918663,1.38232436633615,4.89944132653726,"Scenario 3 (a=0.9, b=1, sig=5)"
0.880608833497881,1.2967012071476,5.62156039916605,"Scenario 3 (a=0.9, b=1, sig=5)"
0.919721513410423,1.14838456253119,4.56711844909758,"Scenario 3 (a=0.9, b=1, sig=5)"
0.760112133859172,3.76795091140161,4.70508114851654,"Scenario 3 (a=0.9, b=1, sig=5)"
0.89674685586657,0.633071348382088,5.29369528412717,"Scenario 3 (a=0.9, b=1, sig=5)"
0.848260798227427,1.77683913879676,4.42841546760036,"Scenario 3 (a=0.9, b=1, sig=5)"
0.828041975091308,1.41989379399637,5.01247863991275,"Scenario 3 (a=0.9, b=1, sig=5)"
0.74630788210642,1.74310139327264,5.01307019994855,"Scenario 3 (a=0.9, b=1, sig=5)"
0.927862580568998,0.334543403490287,4.24503456294941,"Scenario 3 (a=0.9, b=1, sig=5)"
0.839717067559322,1.6166054867372,4.62017406196229,"Scenario 3 (a=0.9, b=1, sig=5)"
0.831045941165309,0.468463804104791,4.3587882668066,"Scenario 3 (a=0.9, b=1, sig=5)"
0.849686889125002,1.39619024609379,4.63259175166081,"Scenario 3 (a=0.9, b=1, sig=5)"
0.771749519862622,2.78947352698818,4.97120558428656,"Scenario 3 (a=0.9, b=1, sig=5)"
0.940327175110144,0.815515421234609,4.27043543971363,"Scenario 3 (a=0.9, b=1, sig=5)"
0.923039189407855,0.469696912581694,5.01623325625134,"Scenario 3 (a=0.9, b=1, sig=5)"
0.718246072442276,3.63249773627184,4.46108820862682,"Scenario 3 (a=0.9, b=1, sig=5)"
0.908922694932168,0.743678179147376,4.24288114449558,"Scenario 3 (a=0.9, b=1, sig=5)"
0.846918330674074,0.830462641458449,5.37442208601223,"Scenario 3 (a=0.9, b=1, sig=5)"
0.886199941335458,0.781164011672896,5.09753115891779,"Scenario 3 (a=0.9, b=1, sig=5)"
0.860301284645379,1.99706044930016,4.89488131042427,"Scenario 3 (a=0.9, b=1, sig=5)"
0.885919958056157,0.211971998185597,4.83063009774053,"Scenario 3 (a=0.9, b=1, sig=5)"
0.831502005709416,1.02750492919454,4.53828089887214,"Scenario 3 (a=0.9, b=1, sig=5)"
0.952472264568174,0.159825359899831,4.68238252493121,"Scenario 3 (a=0.9, b=1, sig=5)"
0.859288770537899,2.26658983313325,5.25298420694494,"Scenario 3 (a=0.9, b=1, sig=5)"
0.814344175893493,1.93026072884706,5.31420504027943,"Scenario 3 (a=0.9, b=1, sig=5)"
0.807409433242599,1.17967510001181,4.76878479105617,"Scenario 3 (a=0.9, b=1, sig=5)"
0.809194358030127,2.91943477627214,4.78271247303304,"Scenario 3 (a=0.9, b=1, sig=5)"
0.873720460576564,0.239275444301735,4.85226583113122,"Scenario 3 (a=0.9, b=1, sig=5)"
0.882673101306563,1.7020048378482,5.13875525115335,"Scenario 3 (a=0.9, b=1, sig=5)"
0.815545090760828,2.7067446416666,4.54509677228067,"Scenario 3 (a=0.9, b=1, sig=5)"
0.853939954693232,2.33271975585345,4.7454400076758,"Scenario 3 (a=0.9, b=1, sig=5)"
0.897549891784424,0.109008719148327,4.60213989121858,"Scenario 3 (a=0.9, b=1, sig=5)"
0.885758662210737,0.148391306710004,4.80112598490063,"Scenario 3 (a=0.9, b=1, sig=5)"
0.858063852112479,3.12635580050532,4.50248643038171,"Scenario 3 (a=0.9, b=1, sig=5)"
0.870358700017203,0.570724346542085,4.66333494883864,"Scenario 3 (a=0.9, b=1, sig=5)"
0.750305314164654,3.53384505538022,4.3111646617616,"Scenario 3 (a=0.9, b=1, sig=5)"
0.859756147654758,0.868278494180685,5.72850610819302,"Scenario 3 (a=0.9, b=1, sig=5)"
0.895793180857106,0.704947239946237,5.1541071091545,"Scenario 3 (a=0.9, b=1, sig=5)"
0.736494537793741,0.412830384244116,4.36747060673162,"Scenario 3 (a=0.9, b=1, sig=5)"
0.784849356870792,2.13348088146538,5.1824812170829,"Scenario 3 (a=0.9, b=1, sig=5)"
0.888003402409382,1.16701160625535,4.29291494468095,"Scenario 3 (a=0.9, b=1, sig=5)"
0.840080739891163,1.23452456991772,5.27271020116711,"Scenario 3 (a=0.9, b=1, sig=5)"
0.92903103764594,1.04983649009293,4.60290799360963,"Scenario 3 (a=0.9, b=1, sig=5)"
0.781748544192004,2.06292448692592,5.82043026472953,"Scenario 3 (a=0.9, b=1, sig=5)"
0.843900739848211,2.50762988026171,5.45384000869463,"Scenario 3 (a=0.9, b=1, sig=5)"
0.904312498901513,0.880722615666949,4.72968416001151,"Scenario 3 (a=0.9, b=1, sig=5)"
0.891169684822407,0.755349470866844,4.42021009321954,"Scenario 3 (a=0.9, b=1, sig=5)"
0.866729932553127,0.524284063120796,5.10431823035672,"Scenario 3 (a=0.9, b=1, sig=5)"
0.823905531688366,1.91165480273027,4.85340134645094,"Scenario 3 (a=0.9, b=1, sig=5)"
0.881345866559551,0.45577069323517,4.91005542530045,"Scenario 3 (a=0.9, b=1, sig=5)"
0.855526303727572,2.13050459860177,4.56144378309648,"Scenario 3 (a=0.9, b=1, sig=5)"
0.902934061670985,1.50328044699782,5.36954167500621,"Scenario 3 (a=0.9, b=1, sig=5)"
0.790260130767583,0.343485526589652,4.57092154068419,"Scenario 3 (a=0.9, b=1, sig=5)"
0.901026202129402,0.671318211757564,5.07858559149276,"Scenario 3 (a=0.9, b=1, sig=5)"
0.873940145776257,0.692722761579208,4.71720604235515,"Scenario 3 (a=0.9, b=1, sig=5)"
0.855968632542782,1.47428827003398,5.1371981345707,"Scenario 3 (a=0.9, b=1, sig=5)"
0.824053052710684,1.46933744436993,5.63111184856209,"Scenario 3 (a=0.9, b=1, sig=5)"
0.810820083558472,3.22251233086204,4.81270225437533,"Scenario 3 (a=0.9, b=1, sig=5)"
0.820465255209128,3.6512073146146,4.942144009488,"Scenario 3 (a=0.9, b=1, sig=5)"
0.785808804709007,0.157987993630318,4.00368026986522,"Scenario 3 (a=0.9, b=1, sig=5)"
0.920180084357248,1.01903104155615,4.7045209226527,"Scenario 3 (a=0.9, b=1, sig=5)"
0.905996593630602,1.90286823212426,4.4538972409549,"Scenario 3 (a=0.9, b=1, sig=5)"
0.86778079468726,0.872451651082947,5.56653584319348,"Scenario 3 (a=0.9, b=1, sig=5)"
0.845031708366503,2.99139533384434,5.31355424959794,"Scenario 3 (a=0.9, b=1, sig=5)"
0.907050217642813,1.01756137911307,4.97537762995206,"Scenario 3 (a=0.9, b=1, sig=5)"
0.859841730905414,1.86182611546863,4.77375880188862,"Scenario 3 (a=0.9, b=1, sig=5)"
0.71433500212861,2.46704121147158,4.55471550570201,"Scenario 3 (a=0.9, b=1, sig=5)"
0.946513090649995,0.77724942663872,5.03236828228384,"Scenario 3 (a=0.9, b=1, sig=5)"
0.856495730396075,1.87565907689417,4.3859082858242,"Scenario 3 (a=0.9, b=1, sig=5)"
0.945659414530849,0.312773532823369,4.89313228788658,"Scenario 3 (a=0.9, b=1, sig=5)"
0.786988266206071,0.701854744982713,5.52932891261248,"Scenario 3 (a=0.9, b=1, sig=5)"
0.853064146152173,2.10585535553311,4.19743364548287,"Scenario 3 (a=0.9, b=1, sig=5)"
0.915030669247528,0.377205083547527,4.38113357638552,"Scenario 3 (a=0.9, b=1, sig=5)"
0.820090512568377,2.67225243210369,4.6363634829895,"Scenario 3 (a=0.9, b=1, sig=5)"
0.740956376008665,1.29461302316935,4.82297558543429,"Scenario 3 (a=0.9, b=1, sig=5)"
0.906247565036171,0.955787134584409,4.81294776022563,"Scenario 3 (a=0.9, b=1, sig=5)"
0.915013658741072,0.746403122701387,4.79728751228323,"Scenario 3 (a=0.9, b=1, sig=5)"
0.926330618340275,0.848925264800581,4.72797052648781,"Scenario 3 (a=0.9, b=1, sig=5)"
0.779699473454007,1.95174217361464,5.20242062523426,"Scenario 3 (a=0.9, b=1, sig=5)"
